<?xml version="1.0" encoding="UTF-8"?>
<project-private xmlns="http://www.netbeans.org/ns/project-private/1">
    <editor-bookmarks xmlns="http://www.netbeans.org/ns/editor-bookmarks/2" lastBookmarkId="0"/>
    <open-files xmlns="http://www.netbeans.org/ns/projectui-open-files/2">
        <group>
            <file>file:/C:/Users/Bia/OneDrive/Documentos/NetBeansProjects/AppSenacShelf/src/forms/FormLoginAdm1.java</file>
            <file>file:/C:/Users/Bia/OneDrive/Documentos/NetBeansProjects/AppSenacShelf/src/forms/FormEditarCadastro.java</file>
            <file>file:/C:/Users/Bia/OneDrive/Documentos/NetBeansProjects/AppSenacShelf/src/dao/SessoesDAO.java</file>
            <file>file:/C:/Users/Bia/OneDrive/Documentos/NetBeansProjects/AppSenacShelf/src/beans/Sessoes.java</file>
            <file>file:/C:/Users/Bia/OneDrive/Documentos/NetBeansProjects/AppSenacShelf/src/beans/Exemplares.java</file>
            <file>file:/C:/Users/Bia/OneDrive/Documentos/NetBeansProjects/AppSenacShelf/src/forms/FormRelatorioGeral.java</file>
            <file>file:/C:/Users/Bia/OneDrive/Documentos/NetBeansProjects/AppSenacShelf/src/beans/Reservas.java</file>
            <file>file:/C:/Users/Bia/OneDrive/Documentos/NetBeansProjects/AppSenacShelf/src/forms/FormLoginAdm.java</file>
            <file>file:/C:/Users/Bia/OneDrive/Documentos/NetBeansProjects/AppSenacShelf/src/dao/ReservasDAO.java</file>
            <file>file:/C:/Users/Bia/OneDrive/Documentos/NetBeansProjects/AppSenacShelf/src/beans/Pessoa.java</file>
            <file>file:/C:/Users/Bia/OneDrive/Documentos/NetBeansProjects/AppSenacShelf/src/forms/FormSessoes.java</file>
            <file>file:/C:/Users/Bia/OneDrive/Documentos/NetBeansProjects/AppSenacShelf/src/forms/FormReservas.java</file>
            <file>file:/C:/Users/Bia/OneDrive/Documentos/NetBeansProjects/AppSenacShelf/src/dao/GeralDAO.java</file>
            <file>file:/C:/Users/Bia/OneDrive/Documentos/NetBeansProjects/AppSenacShelf/src/beans/Geral.java</file>
            <file>file:/C:/Users/Bia/OneDrive/Documentos/NetBeansProjects/AppSenacShelf/src/forms/FormRelatorioSessoes.java</file>
            <file>file:/C:/Users/Bia/OneDrive/Documentos/NetBeansProjects/AppSenacShelf/src/forms/FormCadastro.java</file>
            <file>file:/C:/Users/Bia/OneDrive/Documentos/NetBeansProjects/AppSenacShelf/src/forms/FormGeral.java</file>
            <file>file:/C:/Users/Bia/OneDrive/Documentos/NetBeansProjects/AppSenacShelf/src/dao/ExemplaresDAO.java</file>
            <file>file:/C:/Users/Bia/OneDrive/Documentos/NetBeansProjects/AppSenacShelf/src/forms/FormRelatorioExemplares.java</file>
            <file>file:/C:/Users/Bia/OneDrive/Documentos/NetBeansProjects/AppSenacShelf/src/forms/FormExemplares.java</file>
        </group>
    </open-files>
</project-private>
